habit_id,note,actual_time_minutes,entry_date,status
22,,20,2024-04-19 08:33:30,Completed
22,,40,2024-04-20 08:33:30,Completed
22,,30,2024-04-21 08:33:30,Completed
22,,40,2024-04-22 08:33:30,Completed
22,,40,2024-04-23 08:33:30,Completed
22,,40,2024-04-24 08:33:30,Completed
22,,40,2024-04-25 08:33:30,Completed
22,,40,2024-04-26 08:33:30,Completed
22,,40,2024-04-27 08:33:30,Completed
22,,40,2024-04-28 08:33:30,Completed
22,,40,2024-04-29 08:33:30,Completed
22,,40,2024-04-30 08:33:30,Completed
22,,40,2024-05-01 08:33:30,Completed
22,,40,2024-05-02 08:33:30,Completed
22,,40,2024-05-03 08:33:30,Completed
22,,40,2024-05-04 08:33:30,Completed
22,,40,2024-05-05 08:33:30,Completed
22,,40,2024-05-06 08:33:30,Completed
22,,40,2024-05-07 08:33:30,Completed
22,,40,2024-05-08 08:33:30,Completed
22,,40,2024-05-09 08:33:30,Completed
22,,40,2024-05-10 08:33:30,Completed
22,,40,2024-05-11 08:33:30,Completed
22,,40,2024-05-12 08:33:30,Completed
22,,40,2024-05-13 08:33:30,Completed
22,,40,2024-05-14 08:33:30,Completed
22,,40,2024-05-15 08:33:30,Completed
22,,40,2024-05-16 08:33:30,Completed
22,,40,2024-05-17 08:33:30,Completed
22,,40,2024-05-18 08:33:30,Completed
22,,40,2024-05-19 08:33:30,Completed
22,,40,2024-05-20 08:33:30,Completed
22,,40,2024-05-21 08:33:30,Completed
22,,40,2024-05-22 08:33:30,Completed
22,,40,2024-05-23 08:33:30,Completed
22,,40,2024-05-24 08:33:30,Completed
22,,40,2024-05-25 08:33:30,Completed
22,,40,2024-05-26 08:33:30,Completed
22,,40,2024-05-27 08:33:30,Completed
22,,40,2024-05-28 08:33:30,Completed
22,,40,2024-05-29 08:33:30,Completed
22,,40,2024-05-30 08:33:30,Completed
22,,40,2024-05-31 08:33:30,Completed
22,,40,2024-06-01 08:33:30,Completed
22,,40,2024-06-02 08:33:30,Completed
22,,40,2024-06-03 08:33:30,Completed
22,,40,2024-06-04 08:33:30,Completed
22,,40,2024-06-05 08:33:30,Completed
22,,40,2024-06-06 08:33:30,Completed
22,,40,2024-06-07 08:33:30,Completed
22,,40,2024-06-08 08:33:30,Completed
22,,40,2024-06-09 08:33:30,Completed
22,,40,2024-06-10 08:33:30,Completed
22,,40,2024-06-11 08:33:30,Completed
22,,40,2024-06-12 08:33:30,Completed
22,,40,2024-06-13 08:33:30,Completed
22,,40,2024-06-14 08:33:30,Completed
22,,40,2024-06-15 08:33:30,Completed
22,,40,2024-06-16 08:33:30,Completed
22,,40,2024-06-17 08:33:30,Completed
22,,40,2024-06-18 08:33:30,Completed
22,,40,2024-06-19 08:33:30,Completed
22,,40,2024-06-20 08:33:30,Completed
22,,40,2024-06-21 08:33:30,Completed
22,,40,2024-06-22 08:33:30,Completed
22,,40,2024-06-23 08:33:30,Completed
22,,40,2024-06-24 08:33:30,Completed
22,,40,2024-06-25 08:33:30,Completed
22,,40,2024-06-26 08:33:30,Completed
22,,40,2024-06-27 08:33:30,Completed
22,,40,2024-06-28 08:33:30,Completed
22,,40,2024-06-29 08:33:30,Completed
22,,40,2024-06-30 08:33:30,Completed
22,,40,2024-07-01 08:33:30,Completed
22,,40,2024-07-02 08:33:30,Completed
22,,40,2024-07-03 08:33:30,Completed
22,,40,2024-07-04 08:33:30,Completed
22,,40,2024-07-05 08:33:30,Completed
22,,40,2024-07-06 08:33:30,Completed
22,,40,2024-07-07 08:33:30,Completed
22,,40,2024-07-08 08:33:30,Completed
22,,40,2024-07-09 08:33:30,Completed
22,,40,2024-07-10 08:33:30,Completed
22,,40,2024-07-11 08:33:30,Completed
22,,40,2024-07-12 08:33:30,Completed
22,,40,2024-07-13 08:33:30,Completed
22,,40,2024-07-14 08:33:30,Completed
22,,40,2024-07-15 08:33:30,Completed
22,,40,2024-07-16 08:33:30,Completed
22,,40,2024-07-17 08:33:30,Completed
22,,40,2024-07-18 08:33:30,Completed
22,,40,2024-07-19 08:33:30,Completed
22,,40,2024-07-20 08:33:30,Completed
22,,40,2024-07-21 08:33:30,Completed
22,,40,2024-07-22 08:33:30,Completed
22,,40,2024-07-23 08:33:30,Completed
22,,40,2024-07-24 08:33:30,Completed
22,,40,2024-07-25 08:33:30,Completed
22,,40,2024-07-26 08:33:30,Completed
22,,40,2024-07-27 08:33:30,Completed
22,,40,2024-07-28 08:33:30,Completed